{"stopItem":{},"codeItem":[{"uname":"_source_8cpp_1a60de64d75454385b23995437f1d72669","posX":-805.16730908209286,"posY":-4.2672752122048534},{"uname":"_source_8cpp_1a0c9c581b7b4d6dd7cf125253e398d621","posX":-660.76105226389734,"posY":11.555957783614627},{"uname":"_source_8cpp_1a43ae00784b16b5bd2fa7320aff77fdad","posX":-574.81221004974,"posY":-47.940365718111082},{"uname":"_source_8cpp_1ae66f6b31b5ad750f1fe042a706a4e3d4","posX":-947.31404052731978,"posY":-4.4310090057649774}],"codeData":{},"edgeItem":[["_source_8cpp_1ae66f6b31b5ad750f1fe042a706a4e3d4","_source_8cpp_1a60de64d75454385b23995437f1d72669"],["_source_8cpp_1a60de64d75454385b23995437f1d72669","_source_8cpp_1a0c9c581b7b4d6dd7cf125253e398d621"],["_source_8cpp_1a60de64d75454385b23995437f1d72669","_source_8cpp_1a43ae00784b16b5bd2fa7320aff77fdad"],["_source_8cpp_1a0c9c581b7b4d6dd7cf125253e398d621","_source_8cpp_1a43ae00784b16b5bd2fa7320aff77fdad"]],"edgeData":[],"scheme":{},"extension":[],"anchorItem":[],"macro":[],"config":{"layout":1}}